{"stats":{"minecraft:used":{"minecraft:redstone_torch":136,"minecraft:blue_stained_glass_pane":239,"minecraft:lever":30,"minecraft:water_bucket":10,"minecraft:activator_rail":18,"minecraft:red_sand":587,"minecraft:lava_bucket":5,"minecraft:flint_and_steel":129,"minecraft:slime_block":2,"minecraft:powered_rail":39,"minecraft:redstone":691,"minecraft:acacia_slab":213,"minecraft:oak_planks":1,"minecraft:blue_wool":102,"minecraft:redstone_block":108,"minecraft:spruce_sign":5,"minecraft:hopper_minecart":2,"minecraft:dark_oak_button":11,"minecraft:bedrock":74,"minecraft:repeater":103,"minecraft:redstone_lamp":91,"minecraft:red_stained_glass_pane":105,"minecraft:dirt":5,"minecraft:rail":9,"minecraft:bow":15,"minecraft:glass_pane":47,"minecraft:stone_pressure_plate":2,"minecraft:spruce_fence":9,"minecraft:orange_terracotta":658,"minecraft:green_stained_glass_pane":174,"minecraft:obsidian":1},"minecraft:dropped":{"minecraft:repeater":1,"minecraft:redstone_torch":1,"minecraft:powered_rail":3,"minecraft:red_tulip":1,"minecraft:bedrock":1,"minecraft:redstone":1},"minecraft:picked_up":{"minecraft:stick":7,"minecraft:dark_oak_button":4,"minecraft:repeater":2,"minecraft:bedrock":1,"minecraft:redstone":58,"minecraft:stone_pressure_plate":1,"minecraft:lever":1,"minecraft:redstone_torch":40,"minecraft:powered_rail":33,"minecraft:rail":5},"minecraft:custom":{"minecraft:time_since_rest":309710,"minecraft:sprint_one_cm":6379,"minecraft:walk_one_cm":319729,"minecraft:drop":8,"minecraft:damage_dealt":10,"minecraft:fly_one_cm":920012,"minecraft:crouch_one_cm":1140,"minecraft:play_one_minute":309710,"minecraft:sneak_time":2151,"minecraft:walk_under_water_one_cm":17875,"minecraft:jump":474,"minecraft:leave_game":6,"minecraft:walk_on_water_one_cm":18075,"minecraft:time_since_death":309710}},"DataVersion":2230}